{"agendas": [{"absolute_url": "/agenda/1/", "id": 1, "max": 40.770000000000003, "min": -21.539999999999999, "name": "ימין מדיני בטחוני", "owner": "מטות ערים", "party_max": 6.9199999999999999, "party_min": -21.539999999999999, "rank": 72, "score": 1.54}, {"absolute_url": "/agenda/45/", "id": 45, "max": 72.659999999999997, "min": -38.310000000000002, "name": "ציונות דתית לאומית", "owner": "יעקב פייגלין", "party_max": 16.780000000000001, "party_min": -0.26000000000000001, "rank": 89, "score": 2.6400000000000001}, {"absolute_url": "/agenda/41/", "id": 41, "max": 77.700000000000003, "min": -85.010000000000005, "name": "זכויות אדם", "owner": "אלון", "party_max": 51.200000000000003, "party_min": 10.789999999999999, "rank": 49, "score": 2.52}, {"absolute_url": "/agenda/55/", "id": 55, "max": 35.710000000000001, "min": -81.629999999999995, "name": "רציונליות סביבתית", "owner": "צוות \"הבלוג הירוק\"", "party_max": 6.1200000000000001, "party_min": -27.550000000000001, "rank": 46, "score": -6.1200000000000001}], "resource_uri": "/api/v2/member-agendas/697/"}